{"metrics": ["accuracy"], "train.score": {"loss": [0.6780611929259722, 0.6033327375786214, 0.5515419407924519, 0.498474556056759, 0.43788289667779134, 0.38576168726092275, 0.3323459668980935, 0.2756435384596639, 0.2316246229353585, 0.1919666310312533, 0.16675836030287738, 0.1372803561861002, 0.10517713804788227, 0.0937247849364258, 0.08002586929198308, 0.07398880084186699, 0.06483323756226668, 0.06030783377133923, 0.05285693735659382, 0.04889673921220665, 0.05348362374455444, 0.04500572445921753, 0.04272741470638813, 0.04498281371508964, 0.04117507209022871, 0.040562906270092236, 0.02975288595014349, 0.03839733152314313, 0.037101786399276374, 0.039622323425439525, 0.034701582501551045, 0.03228362233107585, 0.037926334607388375, 0.03208925086239359, 0.03264648474707221, 0.03459504219707797, 0.03281327086300781, 0.028705761029644387, 0.032415746792243155, 0.027725127189644153, 0.030551645736787703, 0.025555657243083122, 0.0323859161354345, 0.028653120644327217, 0.0336133786536093, 0.03195609197750337, 0.02352265532847267, 0.025290828082009435, 0.03215683931930586, 0.026020988745769982, 0.02784520143241831, 0.028141664733441218, 0.024432825074067688, 0.02436775356660821, 0.02419895772397433, 0.03132456059614049, 0.03260299776114532, 0.02698461966553358, 0.02572377908700794, 0.022817454431742015, 0.023720539830500906, 0.023377668722591633, 0.021915293364974234, 0.023863924644950813, 0.023009053665755577, 0.021348204313043528, 0.020532049005425185], "accuracy": [0.5581275429475587, 0.6430831826401447, 0.6932357594936709, 0.735215585443038, 0.7828817246835443, 0.8171973892405063, 0.8525514240506329, 0.8807852056962026, 0.9006555153707053, 0.9229133702531646, 0.9348299050632911, 0.9459058544303798, 0.9593552215189873, 0.9644481803797469, 0.9701839398734177, 0.9731507120253164, 0.975870253164557, 0.978095332278481, 0.9818037974683544, 0.9817967337251358, 0.9807159810126582, 0.983682753164557, 0.9851661392405063, 0.9838310917721519, 0.9854133702531646, 0.9855122626582279, 0.9894185126582279, 0.9868473101265823, 0.9868473101265823, 0.9856111550632911, 0.9881823575949367, 0.989121835443038, 0.9868473101265823, 0.989121835443038, 0.9880340189873418, 0.9890723892405063, 0.9890229430379747, 0.9902096518987342, 0.9885284810126582, 0.9903579905063291, 0.9896162974683544, 0.991346914556962, 0.9890229430379747, 0.990654667721519, 0.987440664556962, 0.9881823575949367, 0.9916930379746836, 0.9920391613924051, 0.9890723892405063, 0.9916435917721519, 0.9911985759493671, 0.9910007911392406, 0.9920886075949367, 0.9910502373417721, 0.9921875, 0.9886273734177216, 0.9889240506329114, 0.9904568829113924, 0.9917424841772152, 0.9915941455696202, 0.9916930379746836, 0.9929786392405063, 0.9925336234177216, 0.9924347310126582, 0.9925830696202531, 0.9926819620253164, 0.9929291930379747]}, "val.score": {"loss": [0.6553266197443008, 0.6021183907985688, 0.6297676473855972, 0.6018529415130616, 0.5876123629510402, 0.6753755286335945, 0.7502771377563476, 0.6811654441058635, 0.7209400430321693, 0.776160879433155, 0.816423411667347, 0.8480639606714249, 0.9483825638890266, 0.939186318218708, 1.0300116017460823, 0.9757582545280457, 1.0759028375148774, 0.9990450993180275, 1.1087067812681197, 1.1407008543610573, 1.0171870455145835, 1.0716854482889175, 1.2613553017377854, 1.137688036262989, 1.0336713671684266, 1.1908025324344635, 1.2013631358742713, 1.107201097905636, 1.2103938460350037, 1.2942607805132866, 1.0987684085965157, 1.3757267400622368, 1.3675915077328682, 1.1243893802165985, 1.1881154999136925, 1.1072440966963768, 1.1836228862404823, 1.3975427076220512, 1.055644153058529, 1.1046601623296737, 1.1405893966555596, 1.1733807757496835, 1.2041223227977753, 1.2191243305802346, 1.0721149459481238, 1.1785509124398232, 1.2412773981690406, 1.177859665453434, 0.9931412473320961, 1.2755478575825692, 1.11543760150671, 1.1925078555941582, 1.1344141408801078, 1.1661075308918953, 1.2258245691657066, 1.1028157576918602, 1.1096421927213669, 1.3136614859104156, 1.0230565398931504, 1.277731578052044, 1.270230269432068, 1.100989881157875, 1.2915411293506622, 1.1275248140096665, 1.1629248410463333, 1.2663106575608254, 1.3258546084165572], "accuracy": [0.5963758680555555, 0.6636067708333334, 0.692556423611111, 0.7103732638888889, 0.7031032986111111, 0.7179253472222222, 0.716015625, 0.7368055555555555, 0.7236328125, 0.7186414930555556, 0.7412109375, 0.7498914930555556, 0.7348524305555555, 0.755078125, 0.7510416666666666, 0.7571397569444445, 0.7528211805555556, 0.7498697916666666, 0.7587673611111111, 0.7532986111111111, 0.7490451388888889, 0.7614366319444444, 0.758984375, 0.753103298611111, 0.7569227430555555, 0.7553602430555555, 0.76015625, 0.7618055555555555, 0.7569444444444444, 0.7556640625, 0.7585503472222223, 0.7600694444444445, 0.7545138888888889, 0.762890625, 0.75859375, 0.7678819444444445, 0.767578125, 0.7658203125, 0.7678602430555556, 0.760546875, 0.7596788194444445, 0.7619140625, 0.7673828125, 0.7613064236111111, 0.759939236111111, 0.7553602430555555, 0.759375, 0.7604600694444444, 0.7620008680555556, 0.7663194444444444, 0.76796875, 0.7807942708333334, 0.77265625, 0.7628038194444444, 0.7734375, 0.767404513888889, 0.768359375, 0.7767578125, 0.7721788194444444, 0.77890625, 0.77265625, 0.7728515625, 0.7712022569444444, 0.772634548611111, 0.7737630208333334, 0.7666883680555555, 0.765234375]}, "n_epochs": 150, "stopped_epoch": 66, "monitor": "accuracy", "best_epoch": 51, "best_score": 0.7807942708333334, "best_chk": "../output/exp1/train.0.model_51.chk"}