{"metrics": ["accuracy"], "train.score": {"loss": [0.5551825888346235, 0.3447303603157232, 0.2005662349576502, 0.13556861273062867, 0.10164288417217314, 0.08583702522403948, 0.07231371701699553, 0.0639096598965048, 0.05973855079856597, 0.05688141517316986, 0.05379865367140627, 0.049755279085715115, 0.04529255351679614, 0.04363834776280137, 0.04152347543314582, 0.0410920287840177, 0.04090703202251532, 0.03925701871520358, 0.04015930747761236, 0.03688933396171567, 0.0354553045187224, 0.035473501936168786, 0.0331420287085362, 0.03179187322717698, 0.033213722971652905, 0.03232421376704687, 0.02986346238339546, 0.030141617265806157, 0.02908773692754947, 0.029031891005213344, 0.027706276207658156, 0.02995951831449469, 0.02995791791665037], "accuracy": [0.7208898905996759, 0.849156705834684, 0.9212925445705025, 0.947718294165316, 0.9628241491085899, 0.9679143030794165, 0.973257698541329, 0.9766891207455429, 0.9782845421393841, 0.9793228322528363, 0.9808296191247974, 0.9821971231766613, 0.9835646272285251, 0.9841724068071313, 0.9852866693679092, 0.9853879659643436, 0.9856158833063209, 0.986135028363047, 0.9857425040518638, 0.987160656401945, 0.987983691247974, 0.987464546191248, 0.9884395259319287, 0.9885281604538088, 0.9884521880064829, 0.9882242706645057, 0.9896930713128039, 0.9895537884927067, 0.9895158022690438, 0.9897943679092382, 0.9907060372771475, 0.9899336507293355, 0.9896170988654781]}, "val.score": {"loss": [0.4347764730453491, 0.37331080081001405, 0.3425081104040146, 0.36110661347066203, 0.41228092149380713, 0.3114661898343794, 0.3180078163743019, 0.4265421252096853, 0.5185992773502104, 0.4753191386499713, 0.5865279627423132, 0.4377284964246135, 0.39364719982108765, 0.4281558366552476, 0.42984828948974607, 0.35190551242520735, 0.41704178356355237, 0.41704187460484043, 0.3645180425816967, 0.37087369926514163, 0.40849183326767335, 0.39410870757795147, 0.2904932263397401, 0.4773623264604999, 0.4439760624401031, 0.3476034112034305, 0.33035108576859196, 0.41408962443951636, 0.43350185828824195, 0.37141664936657875, 0.43187207310430464, 0.36533025214749, 0.37669056370373694], "accuracy": [0.8005040322580645, 0.8450604838709678, 0.8703125, 0.8824092741935484, 0.8829133064516129, 0.9044858870967742, 0.9037802419354839, 0.891179435483871, 0.8659778225806452, 0.8785282258064516, 0.8780745967741935, 0.8990423387096774, 0.9051915322580645, 0.8907762096774193, 0.8972782258064517, 0.9105342741935484, 0.9095766129032258, 0.9056451612903226, 0.9086693548387097, 0.9055947580645162, 0.8951108870967742, 0.9002520161290323, 0.9235887096774194, 0.902671370967742, 0.9057963709677419, 0.913508064516129, 0.9131048387096774, 0.9072076612903226, 0.9094758064516129, 0.9042842741935484, 0.9094758064516129, 0.9080645161290323, 0.917641129032258]}, "n_epochs": 100, "stopped_epoch": 32, "monitor": "accuracy", "best_epoch": 22, "best_score": 0.9235887096774194, "best_chk": "../output/exp1/train.1.model_22.chk"}